{
  "ABIRoot": {
    "kind": "Root",
    "name": "TopLevel",
    "printedName": "TopLevel",
    "children": [
      {
        "kind": "Import",
        "name": "Foundation",
        "printedName": "Foundation",
        "declKind": "Import",
        "moduleName": "GTelSDK",
        "declAttributes": [
          "RawDocComment"
        ]
      },
      {
        "kind": "TypeDecl",
        "name": "GTelApp",
        "printedName": "GTelApp",
        "children": [
          {
            "kind": "Function",
            "name": "instace",
            "printedName": "instace()",
            "children": [
              {
                "kind": "TypeNominal",
                "name": "GTelApp",
                "printedName": "GTelSDK.GTelApp",
                "usr": "c:@M@GTelSDK@objc(cs)GTelApp"
              }
            ],
            "declKind": "Func",
            "usr": "c:@M@GTelSDK@objc(cs)GTelApp(cm)instace",
            "mangledName": "$s7GTelSDK0A3AppC7instaceACyFZ",
            "moduleName": "GTelSDK",
            "static": true,
            "declAttributes": [
              "Final",
              "AccessControl",
              "ObjC"
            ],
            "funcSelfKind": "NonMutating"
          },
          {
            "kind": "Function",
            "name": "open",
            "printedName": "open()",
            "children": [
              {
                "kind": "TypeNominal",
                "name": "Void",
                "printedName": "()"
              }
            ],
            "declKind": "Func",
            "usr": "c:@M@GTelSDK@objc(cs)GTelApp(im)open",
            "mangledName": "$s7GTelSDK0A3AppC4openyyF",
            "moduleName": "GTelSDK",
            "declAttributes": [
              "AccessControl",
              "ObjC"
            ],
            "funcSelfKind": "NonMutating"
          },
          {
            "kind": "Constructor",
            "name": "init",
            "printedName": "init()",
            "children": [
              {
                "kind": "TypeNominal",
                "name": "GTelApp",
                "printedName": "GTelSDK.GTelApp",
                "usr": "c:@M@GTelSDK@objc(cs)GTelApp"
              }
            ],
            "declKind": "Constructor",
            "usr": "c:@M@GTelSDK@objc(cs)GTelApp(im)init",
            "mangledName": "$s7GTelSDK0A3AppCACycfc",
            "moduleName": "GTelSDK",
            "overriding": true,
            "implicit": true,
            "objc_name": "init",
            "declAttributes": [
              "Dynamic",
              "ObjC",
              "Override"
            ],
            "init_kind": "Designated"
          }
        ],
        "declKind": "Class",
        "usr": "c:@M@GTelSDK@objc(cs)GTelApp",
        "mangledName": "$s7GTelSDK0A3AppC",
        "moduleName": "GTelSDK",
        "declAttributes": [
          "AccessControl",
          "ObjCMembers",
          "ObjC"
        ],
        "superclassUsr": "c:objc(cs)NSObject",
        "inheritsConvenienceInitializers": true,
        "superclassNames": [
          "ObjectiveC.NSObject"
        ],
        "conformances": [
          {
            "kind": "Conformance",
            "name": "Equatable",
            "printedName": "Equatable",
            "usr": "s:SQ",
            "mangledName": "$sSQ"
          },
          {
            "kind": "Conformance",
            "name": "Hashable",
            "printedName": "Hashable",
            "usr": "s:SH",
            "mangledName": "$sSH"
          },
          {
            "kind": "Conformance",
            "name": "CVarArg",
            "printedName": "CVarArg",
            "usr": "s:s7CVarArgP",
            "mangledName": "$ss7CVarArgP"
          },
          {
            "kind": "Conformance",
            "name": "_KeyValueCodingAndObservingPublishing",
            "printedName": "_KeyValueCodingAndObservingPublishing",
            "usr": "s:10Foundation37_KeyValueCodingAndObservingPublishingP",
            "mangledName": "$s10Foundation37_KeyValueCodingAndObservingPublishingP"
          },
          {
            "kind": "Conformance",
            "name": "_KeyValueCodingAndObserving",
            "printedName": "_KeyValueCodingAndObserving",
            "usr": "s:10Foundation27_KeyValueCodingAndObservingP",
            "mangledName": "$s10Foundation27_KeyValueCodingAndObservingP"
          },
          {
            "kind": "Conformance",
            "name": "CustomStringConvertible",
            "printedName": "CustomStringConvertible",
            "usr": "s:s23CustomStringConvertibleP",
            "mangledName": "$ss23CustomStringConvertibleP"
          },
          {
            "kind": "Conformance",
            "name": "CustomDebugStringConvertible",
            "printedName": "CustomDebugStringConvertible",
            "usr": "s:s28CustomDebugStringConvertibleP",
            "mangledName": "$ss28CustomDebugStringConvertibleP"
          }
        ]
      }
    ],
    "json_format_version": 8
  },
  "ConstValues": [
    {
      "filePath": "\/Users\/chungtv\/Documents\/GTel\/gtel-ios-sdk\/GTelSDK\/GTelApp.swift",
      "kind": "StringLiteral",
      "offset": 319,
      "length": 9,
      "value": "\"ChungTV\""
    }
  ]
}